position,n
0,1
1,5
2,9
3,13
4,17
5,21
6,25
7,29
8,33
9,37
10,41
11,45
12,49
13,53
14,57
15,61
16,65
17,69
18,73
19,77
20,81
21,85
22,89
23,93
24,97
25,101
26,105
27,109
28,113
29,117
30,121
31,125
32,129
33,133
34,137
35,141
36,145
37,149
38,153
39,157
40,161
41,165
42,169
43,173
44,177
45,181
46,185
47,189
48,193
49,197
50,201
51,205
52,209
53,213
54,217
55,221
56,225
57,230
58,234
59,238
60,242
61,246
62,250
63,254
64,258
65,262
66,266
67,270
68,274
69,278
70,282
71,286
72,290
73,294
74,298
75,302
76,306
77,310
78,314
79,318
80,322
81,326
82,330
83,334
84,338
85,342
86,346
87,350
88,354
89,358
90,362
91,366
92,370
93,374
94,378
95,382
96,386
97,390
98,394
99,398
100,402
101,406
102,410
103,414
104,418
105,422
106,426
107,430
108,434
109,438
110,442
111,446
112,450
113,454
