trajectory_id,family,role,ic_parameters
training_II_hybrid_balanced_01,II,training,"{""A1"":""2.255670208747952"",""A2"":""1.9350480335963034"",""d"":""0.7823866664291994"",""mu1"":""-0.3782695447395338"",""mu2"":""0.4041171216896656"",""phi"":""0.012923788475065923"",""rho0"":""1.0"",""sigma1"":""0.045253393271336845"",""sigma2"":""0.05358651282523843"",""theta0"":""1.0"",""u0"":""0.0""}"
training_II_hybrid_balanced_02,II,training,"{""A1"":""2.3258025395399606"",""A2"":""2.2678785960263914"",""d"":""0.8815973377860788"",""mu1"":""-0.44497274326205943"",""mu2"":""0.4366245945240194"",""phi"":""-0.004174074369020009"",""rho0"":""1.0"",""sigma1"":""0.0586598560141153"",""sigma2"":""0.04380694947241826"",""theta0"":""1.0"",""u0"":""0.0""}"
training_II_hybrid_balanced_03,II,training,"{""A1"":""1.550067870642201"",""A2"":""2.312716762235091"",""d"":""0.4931878506289916"",""mu1"":""-0.5137193501220001"",""mu2"":""-0.02053149949300853"",""phi"":""-0.26712542480750434"",""rho0"":""1.0"",""sigma1"":""0.04912687123394168"",""sigma2"":""0.059644043782178205"",""theta0"":""1.0"",""u0"":""0.0""}"
training_II_hybrid_balanced_04,II,training,"{""A1"":""2.3487615299051647"",""A2"":""1.4087403659809654"",""d"":""0.671231763516924"",""mu1"":""-0.09959673838778749"",""mu2"":""0.5716350251291366"",""phi"":""0.23601914337067453"",""rho0"":""1.0"",""sigma1"":""0.057486918329533954"",""sigma2"":""0.04752064316189751"",""theta0"":""1.0"",""u0"":""0.0""}"
training_II_hybrid_balanced_05,II,training,"{""A1"":""2.0784517398088007"",""A2"":""2.087717312696935"",""d"":""0.7941665434447381"",""mu1"":""-0.08676654769213293"",""mu2"":""0.7073999957526051"",""phi"":""0.31031672403023614"",""rho0"":""1.0"",""sigma1"":""0.054770500597017775"",""sigma2"":""0.056355517963301904"",""theta0"":""1.0"",""u0"":""0.0""}"
training_II_hybrid_balanced_06,II,training,"{""A1"":""1.9917050001991923"",""A2"":""2.490368956335388"",""d"":""0.4812782993269148"",""mu1"":""-0.030812992512577464"",""mu2"":""0.45046530681433733"",""phi"":""0.20982615715087993"",""rho0"":""1.0"",""sigma1"":""0.043158577047535306"",""sigma2"":""0.04632046356327405"",""theta0"":""1.0"",""u0"":""0.0""}"
training_II_hybrid_balanced_07,II,training,"{""A1"":""1.9650802559641165"",""A2"":""1.640832609252091"",""d"":""0.49574205540573896"",""mu1"":""0.08842968922933739"",""mu2"":""0.5841717446350764"",""phi"":""0.33630071693220687"",""rho0"":""1.0"",""sigma1"":""0.05567719478682831"",""sigma2"":""0.04799468759353519"",""theta0"":""1.0"",""u0"":""0.0""}"
training_II_hybrid_balanced_08,II,training,"{""A1"":""1.514131328976129"",""A2"":""2.3215242057624597"",""d"":""0.5905746044068381"",""mu1"":""-0.21386270318943323"",""mu2"":""0.37671190121740483"",""phi"":""0.0814245990139858"",""rho0"":""1.0"",""sigma1"":""0.043495390213309504"",""sigma2"":""0.040631298918234804"",""theta0"":""1.0"",""u0"":""0.0""}"
training_II_hybrid_balanced_09,II,training,"{""A1"":""1.6573149617026512"",""A2"":""2.170686388581315"",""d"":""0.4283485299934514"",""mu1"":""-0.4089363957662688"",""mu2"":""0.01941213422718263"",""phi"":""-0.19476213076954307"",""rho0"":""1.0"",""sigma1"":""0.05462212830148498"",""sigma2"":""0.04263446948298461"",""theta0"":""1.0"",""u0"":""0.0""}"
training_II_hybrid_balanced_10,II,training,"{""A1"":""1.8355197586926728"",""A2"":""2.0673987675861762"",""d"":""0.380262686673274"",""mu1"":""-0.1603481721868132"",""mu2"":""0.21991451448646082"",""phi"":""0.029783171149823817"",""rho0"":""1.0"",""sigma1"":""0.050141273358742446"",""sigma2"":""0.05015832254053315"",""theta0"":""1.0"",""u0"":""0.0""}"
training_II_hybrid_balanced_11,II,training,"{""A1"":""1.9283238093530954"",""A2"":""2.017188521783114"",""d"":""0.6448411163352088"",""mu1"":""-0.4671590666298408"",""mu2"":""0.177682049705368"",""phi"":""-0.1447385084622364"",""rho0"":""1.0"",""sigma1"":""0.04460468917938486"",""sigma2"":""0.05278591659647963"",""theta0"":""1.0"",""u0"":""0.0""}"
training_II_hybrid_balanced_12,II,training,"{""A1"":""2.03139637281223"",""A2"":""1.609579883265417"",""d"":""0.40407300744001784"",""mu1"":""0.14782481373525158"",""mu2"":""0.5518978211752694"",""phi"":""0.3498613174552605"",""rho0"":""1.0"",""sigma1"":""0.04489577987788866"",""sigma2"":""0.05818988298456204"",""theta0"":""1.0"",""u0"":""0.0""}"
training_II_hybrid_balanced_13,II,training,"{""A1"":""1.531875024549812"",""A2"":""2.0035914292000006"",""d"":""0.4600761205475012"",""mu1"":""-0.47514825388873394"",""mu2"":""-0.01507213334123278"",""phi"":""-0.24511019361498337"",""rho0"":""1.0"",""sigma1"":""0.04639581256673501"",""sigma2"":""0.04648318617004456"",""theta0"":""1.0"",""u0"":""0.0""}"
training_II_hybrid_balanced_14,II,training,"{""A1"":""1.4671264611651864"",""A2"":""1.8874354294084348"",""d"":""0.7008534891433162"",""mu1"":""-0.6891790915338634"",""mu2"":""0.011674397609452936"",""phi"":""-0.3387523469622052"",""rho0"":""1.0"",""sigma1"":""0.05918273756635939"",""sigma2"":""0.05250648648242836"",""theta0"":""1.0"",""u0"":""0.0""}"
training_II_hybrid_balanced_15,II,training,"{""A1"":""1.5798578345128098"",""A2"":""1.6649139660367764"",""d"":""0.62174636122163"",""mu1"":""-0.20682511855057756"",""mu2"":""0.4149212426710524"",""phi"":""0.10404806206023742"",""rho0"":""1.0"",""sigma1"":""0.056643863682721785"",""sigma2"":""0.042162976474500714"",""theta0"":""1.0"",""u0"":""0.0""}"
training_II_hybrid_balanced_16,II,training,"{""A1"":""2.3950741928770602"",""A2"":""2.0351468135262807"",""d"":""0.7405267433801759"",""mu1"":""-0.5859391934538402"",""mu2"":""0.15458754992633575"",""phi"":""-0.2156758217637522"",""rho0"":""1.0"",""sigma1"":""0.04774206339203402"",""sigma2"":""0.05890802018497383"",""theta0"":""1.0"",""u0"":""0.0""}"
training_II_hybrid_balanced_17,II,training,"{""A1"":""1.7754185274818237"",""A2"":""1.822976432820527"",""d"":""0.5112028247658288"",""mu1"":""-0.07372044156256691"",""mu2"":""0.4374823832032619"",""phi"":""0.1818809708203475"",""rho0"":""1.0"",""sigma1"":""0.05634516824596732"",""sigma2"":""0.05509774405189896"",""theta0"":""1.0"",""u0"":""0.0""}"
training_II_hybrid_balanced_18,II,training,"{""A1"":""2.4846629355566345"",""A2"":""1.8674864606588866"",""d"":""0.7738904858340678"",""mu1"":""-0.2514418386487537"",""mu2"":""0.5224486471853141"",""phi"":""0.13550340426828023"",""rho0"":""1.0"",""sigma1"":""0.04202693643176306"",""sigma2"":""0.04525207453404888"",""theta0"":""1.0"",""u0"":""0.0""}"
training_II_hybrid_balanced_19,II,training,"{""A1"":""1.4172861696335124"",""A2"":""1.5859031582905267"",""d"":""0.6048918351090169"",""mu1"":""-0.000973427045137143"",""mu2"":""0.6039184080638798"",""phi"":""0.3014724905093713"",""rho0"":""1.0"",""sigma1"":""0.04869589883977383"",""sigma2"":""0.05198733455869546"",""theta0"":""1.0"",""u0"":""0.0""}"
training_II_hybrid_balanced_20,II,training,"{""A1"":""2.4217664993501513"",""A2"":""2.1850127274286635"",""d"":""0.5058989032058144"",""mu1"":""-0.062206702936247915"",""mu2"":""0.4436922002695665"",""phi"":""0.1907427486666593"",""rho0"":""1.0"",""sigma1"":""0.04024806810593197"",""sigma2"":""0.05314142039437214"",""theta0"":""1.0"",""u0"":""0.0""}"
training_II_hybrid_balanced_21,II,training,"{""A1"":""1.9972996569886643"",""A2"":""1.850033789708251"",""d"":""0.3621588160806465"",""mu1"":""-0.27840399063573"",""mu2"":""0.08375482544491647"",""phi"":""-0.09732458259540677"",""rho0"":""1.0"",""sigma1"":""0.05973998847370815"",""sigma2"":""0.04543811925139875"",""theta0"":""1.0"",""u0"":""0.0""}"
training_II_hybrid_balanced_22,II,training,"{""A1"":""1.6096659078364515"",""A2"":""1.681805072510381"",""d"":""0.7128166972716926"",""mu1"":""-0.15713206161777366"",""mu2"":""0.5556846356539189"",""phi"":""0.19927628701807265"",""rho0"":""1.0"",""sigma1"":""0.040708577478662605"",""sigma2"":""0.043071074032752024"",""theta0"":""1.0"",""u0"":""0.0""}"
training_II_hybrid_balanced_23,II,training,"{""A1"":""1.5888837387290464"",""A2"":""2.245526081013061"",""d"":""0.4412290111603725"",""mu1"":""-0.17054477993424078"",""mu2"":""0.2706842312261317"",""phi"":""0.05006972564594547"",""rho0"":""1.0"",""sigma1"":""0.059047463126802285"",""sigma2"":""0.05700691876791544"",""theta0"":""1.0"",""u0"":""0.0""}"
training_II_hybrid_balanced_24,II,training,"{""A1"":""1.627427449602957"",""A2"":""2.4776654193163683"",""d"":""0.6894081926313421"",""mu1"":""-0.4171054717750606"",""mu2"":""0.27230272085628154"",""phi"":""-0.07240137545938952"",""rho0"":""1.0"",""sigma1"":""0.05321312287996108"",""sigma2"":""0.05409201487952533"",""theta0"":""1.0"",""u0"":""0.0""}"
training_II_hybrid_balanced_25,II,training,"{""A1"":""2.291508999495302"",""A2"":""2.2356162631121155"",""d"":""0.35711582988139934"",""mu1"":""0.13578600656272538"",""mu2"":""0.4929018364441247"",""phi"":""0.31434392150342505"",""rho0"":""1.0"",""sigma1"":""0.05585503089192848"",""sigma2"":""0.059917672525690115"",""theta0"":""1.0"",""u0"":""0.0""}"
training_II_hybrid_balanced_26,II,training,"{""A1"":""2.0493123447033548"",""A2"":""1.569601189599122"",""d"":""0.8294841296215077"",""mu1"":""-0.6719849576819437"",""mu2"":""0.15749917193956403"",""phi"":""-0.25724289287118984"",""rho0"":""1.0"",""sigma1"":""0.051270718406881105"",""sigma2"":""0.04891714719090065"",""theta0"":""1.0"",""u0"":""0.0""}"
training_II_hybrid_balanced_27,II,training,"{""A1"":""2.023787121719706"",""A2"":""2.288836979376591"",""d"":""0.8460169329690641"",""mu1"":""-0.5388923194428983"",""mu2"":""0.30712461352616577"",""phi"":""-0.11588385295836628"",""rho0"":""1.0"",""sigma1"":""0.05842514125788657"",""sigma2"":""0.05601144358245222"",""theta0"":""1.0"",""u0"":""0.0""}"
training_II_hybrid_balanced_28,II,training,"{""A1"":""1.8205756560791164"",""A2"":""1.5632376230221268"",""d"":""0.47066266809705354"",""mu1"":""-0.4081300027536161"",""mu2"":""0.0625326653434374"",""phi"":""-0.17279866870508936"",""rho0"":""1.0"",""sigma1"":""0.04564492482736998"",""sigma2"":""0.04978603704069105"",""theta0"":""1.0"",""u0"":""0.0""}"
training_II_hybrid_balanced_29,II,training,"{""A1"":""1.671373024336729"",""A2"":""1.7742085973778032"",""d"":""0.8739040999280372"",""mu1"":""-0.3507284391802853"",""mu2"":""0.5231756607477519"",""phi"":""0.0862236107837333"",""rho0"":""1.0"",""sigma1"":""0.04984516092818217"",""sigma2"":""0.05241093470027477"",""theta0"":""1.0"",""u0"":""0.0""}"
training_II_hybrid_balanced_30,II,training,"{""A1"":""2.0720752688390567"",""A2"":""1.7114052945407965"",""d"":""0.8979126720793587"",""mu1"":""-0.2909903193452916"",""mu2"":""0.606922352734067"",""phi"":""0.1579660166943877"",""rho0"":""1.0"",""sigma1"":""0.05553114535070022"",""sigma2"":""0.054660370935747896"",""theta0"":""1.0"",""u0"":""0.0""}"
training_II_hybrid_balanced_31,II,training,"{""A1"":""1.870135135871428"",""A2"":""2.3687391986882824"",""d"":""0.400763148517647"",""mu1"":""-0.4920787813426626"",""mu2"":""-0.09131563282501556"",""phi"":""-0.29169720708383906"",""rho0"":""1.0"",""sigma1"":""0.0485331811143927"",""sigma2"":""0.04491397285692239"",""theta0"":""1.0"",""u0"":""0.0""}"
training_II_hybrid_balanced_32,II,training,"{""A1"":""2.194886211847423"",""A2"":""2.3446855166972194"",""d"":""0.5250169534969746"",""mu1"":""-0.6079591932810342"",""mu2"":""-0.08294223978405957"",""phi"":""-0.3454507165325469"",""rho0"":""1.0"",""sigma1"":""0.04288376697102319"",""sigma2"":""0.040314736141327225"",""theta0"":""1.0"",""u0"":""0.0""}"
training_II_hybrid_balanced_33,II,training,"{""A1"":""1.8079142105761015"",""A2"":""2.4469118423511125"",""d"":""0.6644612285882734"",""mu1"":""-0.07452659542367246"",""mu2"":""0.5899346331646009"",""phi"":""0.25770401887046424"",""rho0"":""1.0"",""sigma1"":""0.05821558026704554"",""sigma2"":""0.04187515314633909"",""theta0"":""1.0"",""u0"":""0.0""}"
training_II_hybrid_balanced_34,II,training,"{""A1"":""2.3670646812765006"",""A2"":""1.9862024401089053"",""d"":""0.8519897744180804"",""mu1"":""-0.06650978843324207"",""mu2"":""0.7854799859848384"",""phi"":""0.35948509877579815"",""rho0"":""1.0"",""sigma1"":""0.04550406726711571"",""sigma2"":""0.042402585543657646"",""theta0"":""1.0"",""u0"":""0.0""}"
training_II_hybrid_balanced_35,II,training,"{""A1"":""2.1253980544476514"",""A2"":""1.831621185028661"",""d"":""0.7022570664312733"",""mu1"":""-0.17604955714009196"",""mu2"":""0.5262075092911813"",""phi"":""0.17507897607554468"",""rho0"":""1.0"",""sigma1"":""0.04372115466839207"",""sigma2"":""0.05841881905923993"",""theta0"":""1.0"",""u0"":""0.0""}"
training_II_hybrid_balanced_36,II,training,"{""A1"":""1.7376497814395329"",""A2"":""1.9582256567339817"",""d"":""0.5800537687044367"",""mu1"":""-0.6507682299117483"",""mu2"":""-0.07071446120731162"",""phi"":""-0.36074134555952997"",""rho0"":""1.0"",""sigma1"":""0.05399415276532393"",""sigma2"":""0.05726088645891386"",""theta0"":""1.0"",""u0"":""0.0""}"
training_II_hybrid_balanced_37,II,training,"{""A1"":""2.251141058724764"",""A2"":""2.1384983274560603"",""d"":""0.4247712507660017"",""mu1"":""-0.5855433273824944"",""mu2"":""-0.16077207661649265"",""phi"":""-0.3731577019994935"",""rho0"":""1.0"",""sigma1"":""0.055019524040732674"",""sigma2"":""0.05133026744375624"",""theta0"":""1.0"",""u0"":""0.0""}"
training_II_hybrid_balanced_38,II,training,"{""A1"":""2.1539703173928024"",""A2"":""2.2131799632107225"",""d"":""0.7518495014036075"",""mu1"":""-0.48110875281315646"",""mu2"":""0.27074074859045105"",""phi"":""-0.1051840021113527"",""rho0"":""1.0"",""sigma1"":""0.050482761648589926"",""sigma2"":""0.047288156503045825"",""theta0"":""1.0"",""u0"":""0.0""}"
training_II_hybrid_balanced_39,II,training,"{""A1"":""1.9749500557894544"",""A2"":""1.432151899871628"",""d"":""0.8011176638147991"",""mu1"":""-0.15238818970251483"",""mu2"":""0.6487294741122842"",""phi"":""0.24817064220488472"",""rho0"":""1.0"",""sigma1"":""0.05143728460896163"",""sigma2"":""0.041162516342539146"",""theta0"":""1.0"",""u0"":""0.0""}"
training_II_hybrid_balanced_40,II,training,"{""A1"":""2.4436084886749176"",""A2"":""1.74802717823573"",""d"":""0.856621570272559"",""mu1"":""-0.7008665744370561"",""mu2"":""0.1557549958355029"",""phi"":""-0.2725557893007766"",""rho0"":""1.0"",""sigma1"":""0.05422733779420062"",""sigma2"":""0.04142245291023653"",""theta0"":""1.0"",""u0"":""0.0""}"
training_II_hybrid_balanced_41,II,training,"{""A1"":""1.7847532140260938"",""A2"":""2.106767257995539"",""d"":""0.6604610432931924"",""mu1"":""-0.05436983449202154"",""mu2"":""0.606091208801171"",""phi"":""0.2758606871545747"",""rho0"":""1.0"",""sigma1"":""0.04604874913469983"",""sigma2"":""0.0433586372661838"",""theta0"":""1.0"",""u0"":""0.0""}"
training_II_hybrid_balanced_42,II,training,"{""A1"":""1.4784842378761598"",""A2"":""2.073436137565179"",""d"":""0.545967978626378"",""mu1"":""0.05307451010550457"",""mu2"":""0.5990424887318826"",""phi"":""0.3260584994186936"",""rho0"":""1.0"",""sigma1"":""0.04226656437595027"",""sigma2"":""0.05565401938737259"",""theta0"":""1.0"",""u0"":""0.0""}"
training_II_hybrid_balanced_43,II,training,"{""A1"":""2.4334984170117857"",""A2"":""1.7877598172997096"",""d"":""0.6524435961998752"",""mu1"":""-0.4083488444419385"",""mu2"":""0.24409475175793677"",""phi"":""-0.08212704634200085"",""rho0"":""1.0"",""sigma1"":""0.05070257252477154"",""sigma2"":""0.05187059895597192"",""theta0"":""1.0"",""u0"":""0.0""}"
training_II_hybrid_balanced_44,II,training,"{""A1"":""1.705029421074485"",""A2"":""2.4081937846641788"",""d"":""0.7921082769536567"",""mu1"":""-0.10839364903106996"",""mu2"":""0.6837146279225867"",""phi"":""0.2876604894457584"",""rho0"":""1.0"",""sigma1"":""0.0471616070185453"",""sigma2"":""0.051472416722008814"",""theta0"":""1.0"",""u0"":""0.0""}"
training_II_hybrid_balanced_45,II,training,"{""A1"":""1.4073443078101824"",""A2"":""1.6933239505856266"",""d"":""0.8123769959591477"",""mu1"":""-0.5383626881897373"",""mu2"":""0.2740143077694104"",""phi"":""-0.13217419021016347"",""rho0"":""1.0"",""sigma1"":""0.04615784860297737"",""sigma2"":""0.05047420523142488"",""theta0"":""1.0"",""u0"":""0.0""}"
training_II_hybrid_balanced_46,II,training,"{""A1"":""1.4942509836378832"",""A2"":""1.9330051216923776"",""d"":""0.8370834024841723"",""mu1"":""-0.051663642175589664"",""mu2"":""0.7854197603085826"",""phi"":""0.3668780590664965"",""rho0"":""1.0"",""sigma1"":""0.05758237699233715"",""sigma2"":""0.045947026196964044"",""theta0"":""1.0"",""u0"":""0.0""}"
training_II_hybrid_balanced_47,II,training,"{""A1"":""2.3333733316224006"",""A2"":""1.4630359813589187"",""d"":""0.6329643852279911"",""mu1"":""-0.5402814186897066"",""mu2"":""0.09268296653828453"",""phi"":""-0.22379922607571104"",""rho0"":""1.0"",""sigma1"":""0.04443268755980412"",""sigma2"":""0.057879547143155755"",""theta0"":""1.0"",""u0"":""0.0""}"
training_II_hybrid_balanced_48,II,training,"{""A1"":""1.7272951247165853"",""A2"":""2.120124085351963"",""d"":""0.39473723399869537"",""mu1"":""0.06447124427634102"",""mu2"":""0.4592084782750364"",""phi"":""0.2618398612756887"",""rho0"":""1.0"",""sigma1"":""0.0524965621786741"",""sigma2"":""0.044058679138590615"",""theta0"":""1.0"",""u0"":""0.0""}"
training_II_hybrid_balanced_49,II,training,"{""A1"":""1.5634567950220473"",""A2"":""1.4480775636220176"",""d"":""0.7371438578226321"",""mu1"":""-0.6058422716697708"",""mu2"":""0.13130158615286136"",""phi"":""-0.2372703427584547"",""rho0"":""1.0"",""sigma1"":""0.0480822277836162"",""sigma2"":""0.0444166138788335"",""theta0"":""1.0"",""u0"":""0.0""}"
training_II_hybrid_balanced_50,II,training,"{""A1"":""2.175907896358394"",""A2"":""1.5220507875839053"",""d"":""0.5968680671310561"",""mu1"":""-0.17096039922196354"",""mu2"":""0.42590766790909257"",""phi"":""0.1274736343435645"",""rho0"":""1.0"",""sigma1"":""0.04798839339329103"",""sigma2"":""0.05488659150610757"",""theta0"":""1.0"",""u0"":""0.0""}"
training_II_hybrid_balanced_51,II,training,"{""A1"":""1.7147852938513164"",""A2"":""2.3875652624198276"",""d"":""0.8198510479538732"",""mu1"":""-0.6926746871734353"",""mu2"":""0.12717636078043798"",""phi"":""-0.2827491631964986"",""rho0"":""1.0"",""sigma1"":""0.044100459695903566"",""sigma2"":""0.050618528069810084"",""theta0"":""1.0"",""u0"":""0.0""}"
training_II_hybrid_balanced_52,II,training,"{""A1"":""1.7551648706890663"",""A2"":""1.8050428842129556"",""d"":""0.7194983963063568"",""mu1"":""-0.30735428870353343"",""mu2"":""0.4121441076028234"",""phi"":""0.05239490944964498"",""rho0"":""1.0"",""sigma1"":""0.04148115440179844"",""sigma2"":""0.0487589141462754"",""theta0"":""1.0"",""u0"":""0.0""}"
training_II_hybrid_balanced_53,II,training,"{""A1"":""2.3099512465323695"",""A2"":""1.6239906859590763"",""d"":""0.5516212989327678"",""mu1"":""-0.60550890442612"",""mu2"":""-0.05388760549335225"",""phi"":""-0.32969825495973615"",""rho0"":""1.0"",""sigma1"":""0.04735569978051277"",""sigma2"":""0.042919284149313244"",""theta0"":""1.0"",""u0"":""0.0""}"
training_II_hybrid_balanced_54,II,training,"{""A1"":""2.111227835865555"",""A2"":""1.5306180136647913"",""d"":""0.385066944408617"",""mu1"":""-0.3567458136879088"",""mu2"":""0.028321130720708187"",""phi"":""-0.1642123414836003"",""rho0"":""1.0"",""sigma1"":""0.0495773676295733"",""sigma2"":""0.04564677964504154"",""theta0"":""1.0"",""u0"":""0.0""}"
training_II_hybrid_balanced_55,II,training,"{""A1"":""2.220355133790678"",""A2"":""2.459818233321495"",""d"":""0.866139348753871"",""mu1"":""-0.4242729054445176"",""mu2"":""0.4418664433093534"",""phi"":""0.008796768932417875"",""rho0"":""1.0"",""sigma1"":""0.04111622688923694"",""sigma2"":""0.04697629521731423"",""theta0"":""1.0"",""u0"":""0.0""}"
training_II_hybrid_balanced_56,II,training,"{""A1"":""2.1026509105931313"",""A2"":""1.8993456558581172"",""d"":""0.5388664517999182"",""mu1"":""-0.32060815004467724"",""mu2"":""0.21825830175524097"",""phi"":""-0.05117492414471814"",""rho0"":""1.0"",""sigma1"":""0.04103036316493841"",""sigma2"":""0.044578085845880404"",""theta0"":""1.0"",""u0"":""0.0""}"
training_II_hybrid_balanced_57,II,training,"{""A1"":""2.4666560693494954"",""A2"":""1.4937890350442296"",""d"":""0.47455371476845554"",""mu1"":""-0.38645300473202715"",""mu2"":""0.08810071003642836"",""phi"":""-0.1491761473477994"",""rho0"":""1.0"",""sigma1"":""0.052221258436560045"",""sigma2"":""0.05772953967867646"",""theta0"":""1.0"",""u0"":""0.0""}"
training_II_hybrid_balanced_58,II,training,"{""A1"":""2.380006537916131"",""A2"":""1.7259282963574942"",""d"":""0.5640616832050673"",""mu1"":""-0.2962529952273362"",""mu2"":""0.2678086879777311"",""phi"":""-0.014222153624802558"",""rho0"":""1.0"",""sigma1"":""0.058014753836643354"",""sigma2"":""0.04964797147800592"",""theta0"":""1.0"",""u0"":""0.0""}"
training_II_hybrid_balanced_59,II,training,"{""A1"":""1.9099167914766475"",""A2"":""1.9671446787515683"",""d"":""0.6807403672489916"",""mu1"":""-0.4006796272886687"",""mu2"":""0.2800607399603229"",""phi"":""-0.0603094436641729"",""rho0"":""1.0"",""sigma1"":""0.05365377368235545"",""sigma2"":""0.058616193429733975"",""theta0"":""1.0"",""u0"":""0.0""}"
training_II_hybrid_balanced_60,II,training,"{""A1"":""2.1818187431434914"",""A2"":""2.156534174797799"",""d"":""0.37289214798835263"",""mu1"":""-0.21648350507223987"",""mu2"":""0.15640864291611276"",""phi"":""-0.03003743107806356"",""rho0"":""1.0"",""sigma1"":""0.04687722734679656"",""sigma2"":""0.05092716025349906"",""theta0"":""1.0"",""u0"":""0.0""}"
training_II_hybrid_balanced_61,II,training,"{""A1"":""1.6309809968135287"",""A2"":""1.9056845067779542"",""d"":""0.5575916331503938"",""mu1"":""-0.36611236895635135"",""mu2"":""0.1914792641940425"",""phi"":""-0.08731655238115443"",""rho0"":""1.0"",""sigma1"":""0.05348862882286381"",""sigma2"":""0.04688698461725282"",""theta0"":""1.0"",""u0"":""0.0""}"
training_II_hybrid_balanced_62,II,training,"{""A1"":""2.2367455629632342"",""A2"":""1.7607089581717403"",""d"":""0.627183439379946"",""mu1"":""-0.24413364672033078"",""mu2"":""0.38304979265961525"",""phi"":""0.06945807296964224"",""rho0"":""1.0"",""sigma1"":""0.05253884089955855"",""sigma2"":""0.04088251700906873"",""theta0"":""1.0"",""u0"":""0.0""}"
training_II_hybrid_balanced_63,II,training,"{""A1"":""2.2845109543456577"",""A2"":""2.0468145242082825"",""d"":""0.6100514788186853"",""mu1"":""-0.4821800605068824"",""mu2"":""0.12787141831180288"",""phi"":""-0.17715432109753976"",""rho0"":""1.0"",""sigma1"":""0.05965275237054747"",""sigma2"":""0.05530783781073714"",""theta0"":""1.0"",""u0"":""0.0""}"
training_II_hybrid_balanced_64,II,training,"{""A1"":""1.4335167159976554"",""A2"":""2.2045679376735974"",""d"":""0.7613129080953871"",""mu1"":""-0.25597159530465674"",""mu2"":""0.5053413127907304"",""phi"":""0.12468485874303681"",""rho0"":""1.0"",""sigma1"":""0.05178585057544838"",""sigma2"":""0.04924492678536081"",""theta0"":""1.0"",""u0"":""0.0""}"
training_II_hybrid_balanced_65,II,training,"{""A1"":""2.496162841106035"",""A2"":""2.4137766817695443"",""d"":""0.44306394186611886"",""mu1"":""-0.06994536882974722"",""mu2"":""0.37311857303637164"",""phi"":""0.1515866021033122"",""rho0"":""1.0"",""sigma1"":""0.05281656996787559"",""sigma2"":""0.048426658806472865"",""theta0"":""1.0"",""u0"":""0.0""}"
training_II_hybrid_balanced_66,II,training,"{""A1"":""1.9468462504991493"",""A2"":""2.4258763123595726"",""d"":""0.5742997278022454"",""mu1"":""-0.601909263196414"",""mu2"":""-0.027609535394168716"",""phi"":""-0.3147593992952914"",""rho0"":""1.0"",""sigma1"":""0.04263854195239798"",""sigma2"":""0.05931602366523869"",""theta0"":""1.0"",""u0"":""0.0""}"
training_II_hybrid_balanced_67,II,training,"{""A1"":""1.4541881644426706"",""A2"":""1.4188857352351985"",""d"":""0.4510997930958828"",""mu1"":""-0.11367933121071622"",""mu2"":""0.33742046188516656"",""phi"":""0.11187056533722517"",""rho0"":""1.0"",""sigma1"":""0.057054701156346435"",""sigma2"":""0.053638686698177104"",""theta0"":""1.0"",""u0"":""0.0""}"
training_II_hybrid_balanced_68,II,training,"{""A1"":""1.8493691369749483"",""A2"":""1.5513332143608165"",""d"":""0.885498100033171"",""mu1"":""-0.7456876364595026"",""mu2"":""0.13981046357366833"",""phi"":""-0.30293858644291716"",""rho0"":""1.0"",""sigma1"":""0.04036783659991264"",""sigma2"":""0.05659393172814953"",""theta0"":""1.0"",""u0"":""0.0""}"
training_II_hybrid_balanced_69,II,training,"{""A1"":""2.1369761309321054"",""A2"":""2.3615382520701393"",""d"":""0.5330598818486717"",""mu1"":""-0.04362894632051245"",""mu2"":""0.48943093552815925"",""phi"":""0.2229009946038234"",""rho0"":""1.0"",""sigma1"":""0.05094856101204103"",""sigma2"":""0.05442881421097108"",""theta0"":""1.0"",""u0"":""0.0""}"
training_II_hybrid_balanced_70,II,training,"{""A1"":""1.8935168613689737"",""A2"":""1.6507496459783653"",""d"":""0.4147048830860166"",""mu1"":""-0.168133504973425"",""mu2"":""0.2465713781125916"",""phi"":""0.03921893656958331"",""rho0"":""1.0"",""sigma1"":""0.041679630313897306"",""sigma2"":""0.056706602098796716"",""theta0"":""1.0"",""u0"":""0.0""}"
training_II_hybrid_balanced_71,II,training,"{""A1"":""1.882962195697144"",""A2"":""2.2755278508491443"",""d"":""0.7634422547908339"",""mu1"":""-0.5825355818301798"",""mu2"":""0.18090667296065407"",""phi"":""-0.2008144544347629"",""rho0"":""1.0"",""sigma1"":""0.05670778843307367"",""sigma2"":""0.048312033106006264"",""theta0"":""1.0"",""u0"":""0.0""}"
training_II_hybrid_balanced_72,II,training,"{""A1"":""1.6874578713924266"",""A2"":""1.4815968854625006"",""d"":""0.7247071850687455"",""mu1"":""-0.3996168206711929"",""mu2"":""0.3250903643975526"",""phi"":""-0.03726322813682015"",""rho0"":""1.0"",""sigma1"":""0.04921272998298839"",""sigma2"":""0.04010055275746979"",""theta0"":""1.0"",""u0"":""0.0""}"
training_I_A1.5_sigma0.04_phase+0.0000,I,training,"{""A"":""1.5"",""eta_cells"":""0.0"",""integer_anchor"":""0"",""mu"":""0.0"",""rho0"":""1.0"",""sigma"":""0.04"",""theta0"":""1.0"",""u0"":""0.0""}"
training_I_A1.5_sigma0.04_phase+0.1250,I,training,"{""A"":""1.5"",""eta_cells"":""0.125"",""integer_anchor"":""0"",""mu"":""0.0009765625"",""rho0"":""1.0"",""sigma"":""0.04"",""theta0"":""1.0"",""u0"":""0.0""}"
training_I_A1.5_sigma0.04_phase+0.2500,I,training,"{""A"":""1.5"",""eta_cells"":""0.25"",""integer_anchor"":""0"",""mu"":""0.001953125"",""rho0"":""1.0"",""sigma"":""0.04"",""theta0"":""1.0"",""u0"":""0.0""}"
training_I_A1.5_sigma0.04_phase+0.3750,I,training,"{""A"":""1.5"",""eta_cells"":""0.375"",""integer_anchor"":""0"",""mu"":""0.0029296875"",""rho0"":""1.0"",""sigma"":""0.04"",""theta0"":""1.0"",""u0"":""0.0""}"
training_I_A1.5_sigma0.04_phase-0.1250,I,training,"{""A"":""1.5"",""eta_cells"":""-0.125"",""integer_anchor"":""0"",""mu"":""-0.0009765625"",""rho0"":""1.0"",""sigma"":""0.04"",""theta0"":""1.0"",""u0"":""0.0""}"
training_I_A1.5_sigma0.04_phase-0.2500,I,training,"{""A"":""1.5"",""eta_cells"":""-0.25"",""integer_anchor"":""0"",""mu"":""-0.001953125"",""rho0"":""1.0"",""sigma"":""0.04"",""theta0"":""1.0"",""u0"":""0.0""}"
training_I_A1.5_sigma0.04_phase-0.3750,I,training,"{""A"":""1.5"",""eta_cells"":""-0.375"",""integer_anchor"":""0"",""mu"":""-0.0029296875"",""rho0"":""1.0"",""sigma"":""0.04"",""theta0"":""1.0"",""u0"":""0.0""}"
training_I_A1.5_sigma0.04_phase-0.5000,I,training,"{""A"":""1.5"",""eta_cells"":""-0.5"",""integer_anchor"":""0"",""mu"":""-0.00390625"",""rho0"":""1.0"",""sigma"":""0.04"",""theta0"":""1.0"",""u0"":""0.0""}"
training_I_A1.5_sigma0.05_phase+0.0000,I,training,"{""A"":""1.5"",""eta_cells"":""0.0"",""integer_anchor"":""0"",""mu"":""0.0"",""rho0"":""1.0"",""sigma"":""0.05"",""theta0"":""1.0"",""u0"":""0.0""}"
training_I_A1.5_sigma0.05_phase+0.1250,I,training,"{""A"":""1.5"",""eta_cells"":""0.125"",""integer_anchor"":""0"",""mu"":""0.0009765625"",""rho0"":""1.0"",""sigma"":""0.05"",""theta0"":""1.0"",""u0"":""0.0""}"
training_I_A1.5_sigma0.05_phase+0.2500,I,training,"{""A"":""1.5"",""eta_cells"":""0.25"",""integer_anchor"":""0"",""mu"":""0.001953125"",""rho0"":""1.0"",""sigma"":""0.05"",""theta0"":""1.0"",""u0"":""0.0""}"
training_I_A1.5_sigma0.05_phase+0.3750,I,training,"{""A"":""1.5"",""eta_cells"":""0.375"",""integer_anchor"":""0"",""mu"":""0.0029296875"",""rho0"":""1.0"",""sigma"":""0.05"",""theta0"":""1.0"",""u0"":""0.0""}"
training_I_A1.5_sigma0.05_phase-0.1250,I,training,"{""A"":""1.5"",""eta_cells"":""-0.125"",""integer_anchor"":""0"",""mu"":""-0.0009765625"",""rho0"":""1.0"",""sigma"":""0.05"",""theta0"":""1.0"",""u0"":""0.0""}"
training_I_A1.5_sigma0.05_phase-0.2500,I,training,"{""A"":""1.5"",""eta_cells"":""-0.25"",""integer_anchor"":""0"",""mu"":""-0.001953125"",""rho0"":""1.0"",""sigma"":""0.05"",""theta0"":""1.0"",""u0"":""0.0""}"
training_I_A1.5_sigma0.05_phase-0.3750,I,training,"{""A"":""1.5"",""eta_cells"":""-0.375"",""integer_anchor"":""0"",""mu"":""-0.0029296875"",""rho0"":""1.0"",""sigma"":""0.05"",""theta0"":""1.0"",""u0"":""0.0""}"
training_I_A1.5_sigma0.05_phase-0.5000,I,training,"{""A"":""1.5"",""eta_cells"":""-0.5"",""integer_anchor"":""0"",""mu"":""-0.00390625"",""rho0"":""1.0"",""sigma"":""0.05"",""theta0"":""1.0"",""u0"":""0.0""}"
training_I_A1.5_sigma0.06_phase+0.0000,I,training,"{""A"":""1.5"",""eta_cells"":""0.0"",""integer_anchor"":""0"",""mu"":""0.0"",""rho0"":""1.0"",""sigma"":""0.06"",""theta0"":""1.0"",""u0"":""0.0""}"
training_I_A1.5_sigma0.06_phase+0.1250,I,training,"{""A"":""1.5"",""eta_cells"":""0.125"",""integer_anchor"":""0"",""mu"":""0.0009765625"",""rho0"":""1.0"",""sigma"":""0.06"",""theta0"":""1.0"",""u0"":""0.0""}"
training_I_A1.5_sigma0.06_phase+0.2500,I,training,"{""A"":""1.5"",""eta_cells"":""0.25"",""integer_anchor"":""0"",""mu"":""0.001953125"",""rho0"":""1.0"",""sigma"":""0.06"",""theta0"":""1.0"",""u0"":""0.0""}"
training_I_A1.5_sigma0.06_phase+0.3750,I,training,"{""A"":""1.5"",""eta_cells"":""0.375"",""integer_anchor"":""0"",""mu"":""0.0029296875"",""rho0"":""1.0"",""sigma"":""0.06"",""theta0"":""1.0"",""u0"":""0.0""}"
training_I_A1.5_sigma0.06_phase-0.1250,I,training,"{""A"":""1.5"",""eta_cells"":""-0.125"",""integer_anchor"":""0"",""mu"":""-0.0009765625"",""rho0"":""1.0"",""sigma"":""0.06"",""theta0"":""1.0"",""u0"":""0.0""}"
training_I_A1.5_sigma0.06_phase-0.2500,I,training,"{""A"":""1.5"",""eta_cells"":""-0.25"",""integer_anchor"":""0"",""mu"":""-0.001953125"",""rho0"":""1.0"",""sigma"":""0.06"",""theta0"":""1.0"",""u0"":""0.0""}"
training_I_A1.5_sigma0.06_phase-0.3750,I,training,"{""A"":""1.5"",""eta_cells"":""-0.375"",""integer_anchor"":""0"",""mu"":""-0.0029296875"",""rho0"":""1.0"",""sigma"":""0.06"",""theta0"":""1.0"",""u0"":""0.0""}"
training_I_A1.5_sigma0.06_phase-0.5000,I,training,"{""A"":""1.5"",""eta_cells"":""-0.5"",""integer_anchor"":""0"",""mu"":""-0.00390625"",""rho0"":""1.0"",""sigma"":""0.06"",""theta0"":""1.0"",""u0"":""0.0""}"
training_I_A2.5_sigma0.04_phase+0.0000,I,training,"{""A"":""2.5"",""eta_cells"":""0.0"",""integer_anchor"":""0"",""mu"":""0.0"",""rho0"":""1.0"",""sigma"":""0.04"",""theta0"":""1.0"",""u0"":""0.0""}"
training_I_A2.5_sigma0.04_phase+0.1250,I,training,"{""A"":""2.5"",""eta_cells"":""0.125"",""integer_anchor"":""0"",""mu"":""0.0009765625"",""rho0"":""1.0"",""sigma"":""0.04"",""theta0"":""1.0"",""u0"":""0.0""}"
training_I_A2.5_sigma0.04_phase+0.2500,I,training,"{""A"":""2.5"",""eta_cells"":""0.25"",""integer_anchor"":""0"",""mu"":""0.001953125"",""rho0"":""1.0"",""sigma"":""0.04"",""theta0"":""1.0"",""u0"":""0.0""}"
training_I_A2.5_sigma0.04_phase+0.3750,I,training,"{""A"":""2.5"",""eta_cells"":""0.375"",""integer_anchor"":""0"",""mu"":""0.0029296875"",""rho0"":""1.0"",""sigma"":""0.04"",""theta0"":""1.0"",""u0"":""0.0""}"
training_I_A2.5_sigma0.04_phase-0.1250,I,training,"{""A"":""2.5"",""eta_cells"":""-0.125"",""integer_anchor"":""0"",""mu"":""-0.0009765625"",""rho0"":""1.0"",""sigma"":""0.04"",""theta0"":""1.0"",""u0"":""0.0""}"
training_I_A2.5_sigma0.04_phase-0.2500,I,training,"{""A"":""2.5"",""eta_cells"":""-0.25"",""integer_anchor"":""0"",""mu"":""-0.001953125"",""rho0"":""1.0"",""sigma"":""0.04"",""theta0"":""1.0"",""u0"":""0.0""}"
training_I_A2.5_sigma0.04_phase-0.3750,I,training,"{""A"":""2.5"",""eta_cells"":""-0.375"",""integer_anchor"":""0"",""mu"":""-0.0029296875"",""rho0"":""1.0"",""sigma"":""0.04"",""theta0"":""1.0"",""u0"":""0.0""}"
training_I_A2.5_sigma0.04_phase-0.5000,I,training,"{""A"":""2.5"",""eta_cells"":""-0.5"",""integer_anchor"":""0"",""mu"":""-0.00390625"",""rho0"":""1.0"",""sigma"":""0.04"",""theta0"":""1.0"",""u0"":""0.0""}"
training_I_A2.5_sigma0.05_phase+0.0000,I,training,"{""A"":""2.5"",""eta_cells"":""0.0"",""integer_anchor"":""0"",""mu"":""0.0"",""rho0"":""1.0"",""sigma"":""0.05"",""theta0"":""1.0"",""u0"":""0.0""}"
training_I_A2.5_sigma0.05_phase+0.1250,I,training,"{""A"":""2.5"",""eta_cells"":""0.125"",""integer_anchor"":""0"",""mu"":""0.0009765625"",""rho0"":""1.0"",""sigma"":""0.05"",""theta0"":""1.0"",""u0"":""0.0""}"
training_I_A2.5_sigma0.05_phase+0.2500,I,training,"{""A"":""2.5"",""eta_cells"":""0.25"",""integer_anchor"":""0"",""mu"":""0.001953125"",""rho0"":""1.0"",""sigma"":""0.05"",""theta0"":""1.0"",""u0"":""0.0""}"
training_I_A2.5_sigma0.05_phase+0.3750,I,training,"{""A"":""2.5"",""eta_cells"":""0.375"",""integer_anchor"":""0"",""mu"":""0.0029296875"",""rho0"":""1.0"",""sigma"":""0.05"",""theta0"":""1.0"",""u0"":""0.0""}"
training_I_A2.5_sigma0.05_phase-0.1250,I,training,"{""A"":""2.5"",""eta_cells"":""-0.125"",""integer_anchor"":""0"",""mu"":""-0.0009765625"",""rho0"":""1.0"",""sigma"":""0.05"",""theta0"":""1.0"",""u0"":""0.0""}"
training_I_A2.5_sigma0.05_phase-0.2500,I,training,"{""A"":""2.5"",""eta_cells"":""-0.25"",""integer_anchor"":""0"",""mu"":""-0.001953125"",""rho0"":""1.0"",""sigma"":""0.05"",""theta0"":""1.0"",""u0"":""0.0""}"
training_I_A2.5_sigma0.05_phase-0.3750,I,training,"{""A"":""2.5"",""eta_cells"":""-0.375"",""integer_anchor"":""0"",""mu"":""-0.0029296875"",""rho0"":""1.0"",""sigma"":""0.05"",""theta0"":""1.0"",""u0"":""0.0""}"
training_I_A2.5_sigma0.05_phase-0.5000,I,training,"{""A"":""2.5"",""eta_cells"":""-0.5"",""integer_anchor"":""0"",""mu"":""-0.00390625"",""rho0"":""1.0"",""sigma"":""0.05"",""theta0"":""1.0"",""u0"":""0.0""}"
training_I_A2.5_sigma0.06_phase+0.0000,I,training,"{""A"":""2.5"",""eta_cells"":""0.0"",""integer_anchor"":""0"",""mu"":""0.0"",""rho0"":""1.0"",""sigma"":""0.06"",""theta0"":""1.0"",""u0"":""0.0""}"
training_I_A2.5_sigma0.06_phase+0.1250,I,training,"{""A"":""2.5"",""eta_cells"":""0.125"",""integer_anchor"":""0"",""mu"":""0.0009765625"",""rho0"":""1.0"",""sigma"":""0.06"",""theta0"":""1.0"",""u0"":""0.0""}"
training_I_A2.5_sigma0.06_phase+0.2500,I,training,"{""A"":""2.5"",""eta_cells"":""0.25"",""integer_anchor"":""0"",""mu"":""0.001953125"",""rho0"":""1.0"",""sigma"":""0.06"",""theta0"":""1.0"",""u0"":""0.0""}"
training_I_A2.5_sigma0.06_phase+0.3750,I,training,"{""A"":""2.5"",""eta_cells"":""0.375"",""integer_anchor"":""0"",""mu"":""0.0029296875"",""rho0"":""1.0"",""sigma"":""0.06"",""theta0"":""1.0"",""u0"":""0.0""}"
training_I_A2.5_sigma0.06_phase-0.1250,I,training,"{""A"":""2.5"",""eta_cells"":""-0.125"",""integer_anchor"":""0"",""mu"":""-0.0009765625"",""rho0"":""1.0"",""sigma"":""0.06"",""theta0"":""1.0"",""u0"":""0.0""}"
training_I_A2.5_sigma0.06_phase-0.2500,I,training,"{""A"":""2.5"",""eta_cells"":""-0.25"",""integer_anchor"":""0"",""mu"":""-0.001953125"",""rho0"":""1.0"",""sigma"":""0.06"",""theta0"":""1.0"",""u0"":""0.0""}"
training_I_A2.5_sigma0.06_phase-0.3750,I,training,"{""A"":""2.5"",""eta_cells"":""-0.375"",""integer_anchor"":""0"",""mu"":""-0.0029296875"",""rho0"":""1.0"",""sigma"":""0.06"",""theta0"":""1.0"",""u0"":""0.0""}"
training_I_A2.5_sigma0.06_phase-0.5000,I,training,"{""A"":""2.5"",""eta_cells"":""-0.5"",""integer_anchor"":""0"",""mu"":""-0.00390625"",""rho0"":""1.0"",""sigma"":""0.06"",""theta0"":""1.0"",""u0"":""0.0""}"
training_I_A2_sigma0.04_phase+0.0000,I,training,"{""A"":""2.0"",""eta_cells"":""0.0"",""integer_anchor"":""0"",""mu"":""0.0"",""rho0"":""1.0"",""sigma"":""0.04"",""theta0"":""1.0"",""u0"":""0.0""}"
training_I_A2_sigma0.04_phase+0.1250,I,training,"{""A"":""2.0"",""eta_cells"":""0.125"",""integer_anchor"":""0"",""mu"":""0.0009765625"",""rho0"":""1.0"",""sigma"":""0.04"",""theta0"":""1.0"",""u0"":""0.0""}"
training_I_A2_sigma0.04_phase+0.2500,I,training,"{""A"":""2.0"",""eta_cells"":""0.25"",""integer_anchor"":""0"",""mu"":""0.001953125"",""rho0"":""1.0"",""sigma"":""0.04"",""theta0"":""1.0"",""u0"":""0.0""}"
training_I_A2_sigma0.04_phase+0.3750,I,training,"{""A"":""2.0"",""eta_cells"":""0.375"",""integer_anchor"":""0"",""mu"":""0.0029296875"",""rho0"":""1.0"",""sigma"":""0.04"",""theta0"":""1.0"",""u0"":""0.0""}"
training_I_A2_sigma0.04_phase-0.1250,I,training,"{""A"":""2.0"",""eta_cells"":""-0.125"",""integer_anchor"":""0"",""mu"":""-0.0009765625"",""rho0"":""1.0"",""sigma"":""0.04"",""theta0"":""1.0"",""u0"":""0.0""}"
training_I_A2_sigma0.04_phase-0.2500,I,training,"{""A"":""2.0"",""eta_cells"":""-0.25"",""integer_anchor"":""0"",""mu"":""-0.001953125"",""rho0"":""1.0"",""sigma"":""0.04"",""theta0"":""1.0"",""u0"":""0.0""}"
training_I_A2_sigma0.04_phase-0.3750,I,training,"{""A"":""2.0"",""eta_cells"":""-0.375"",""integer_anchor"":""0"",""mu"":""-0.0029296875"",""rho0"":""1.0"",""sigma"":""0.04"",""theta0"":""1.0"",""u0"":""0.0""}"
training_I_A2_sigma0.04_phase-0.5000,I,training,"{""A"":""2.0"",""eta_cells"":""-0.5"",""integer_anchor"":""0"",""mu"":""-0.00390625"",""rho0"":""1.0"",""sigma"":""0.04"",""theta0"":""1.0"",""u0"":""0.0""}"
training_I_A2_sigma0.05_phase+0.0000,I,training,"{""A"":""2.0"",""eta_cells"":""0.0"",""integer_anchor"":""0"",""mu"":""0.0"",""rho0"":""1.0"",""sigma"":""0.05"",""theta0"":""1.0"",""u0"":""0.0""}"
training_I_A2_sigma0.05_phase+0.1250,I,training,"{""A"":""2.0"",""eta_cells"":""0.125"",""integer_anchor"":""0"",""mu"":""0.0009765625"",""rho0"":""1.0"",""sigma"":""0.05"",""theta0"":""1.0"",""u0"":""0.0""}"
training_I_A2_sigma0.05_phase+0.2500,I,training,"{""A"":""2.0"",""eta_cells"":""0.25"",""integer_anchor"":""0"",""mu"":""0.001953125"",""rho0"":""1.0"",""sigma"":""0.05"",""theta0"":""1.0"",""u0"":""0.0""}"
training_I_A2_sigma0.05_phase+0.3750,I,training,"{""A"":""2.0"",""eta_cells"":""0.375"",""integer_anchor"":""0"",""mu"":""0.0029296875"",""rho0"":""1.0"",""sigma"":""0.05"",""theta0"":""1.0"",""u0"":""0.0""}"
training_I_A2_sigma0.05_phase-0.1250,I,training,"{""A"":""2.0"",""eta_cells"":""-0.125"",""integer_anchor"":""0"",""mu"":""-0.0009765625"",""rho0"":""1.0"",""sigma"":""0.05"",""theta0"":""1.0"",""u0"":""0.0""}"
training_I_A2_sigma0.05_phase-0.2500,I,training,"{""A"":""2.0"",""eta_cells"":""-0.25"",""integer_anchor"":""0"",""mu"":""-0.001953125"",""rho0"":""1.0"",""sigma"":""0.05"",""theta0"":""1.0"",""u0"":""0.0""}"
training_I_A2_sigma0.05_phase-0.3750,I,training,"{""A"":""2.0"",""eta_cells"":""-0.375"",""integer_anchor"":""0"",""mu"":""-0.0029296875"",""rho0"":""1.0"",""sigma"":""0.05"",""theta0"":""1.0"",""u0"":""0.0""}"
training_I_A2_sigma0.05_phase-0.5000,I,training,"{""A"":""2.0"",""eta_cells"":""-0.5"",""integer_anchor"":""0"",""mu"":""-0.00390625"",""rho0"":""1.0"",""sigma"":""0.05"",""theta0"":""1.0"",""u0"":""0.0""}"
training_I_A2_sigma0.06_phase+0.0000,I,training,"{""A"":""2.0"",""eta_cells"":""0.0"",""integer_anchor"":""0"",""mu"":""0.0"",""rho0"":""1.0"",""sigma"":""0.06"",""theta0"":""1.0"",""u0"":""0.0""}"
training_I_A2_sigma0.06_phase+0.1250,I,training,"{""A"":""2.0"",""eta_cells"":""0.125"",""integer_anchor"":""0"",""mu"":""0.0009765625"",""rho0"":""1.0"",""sigma"":""0.06"",""theta0"":""1.0"",""u0"":""0.0""}"
training_I_A2_sigma0.06_phase+0.2500,I,training,"{""A"":""2.0"",""eta_cells"":""0.25"",""integer_anchor"":""0"",""mu"":""0.001953125"",""rho0"":""1.0"",""sigma"":""0.06"",""theta0"":""1.0"",""u0"":""0.0""}"
training_I_A2_sigma0.06_phase+0.3750,I,training,"{""A"":""2.0"",""eta_cells"":""0.375"",""integer_anchor"":""0"",""mu"":""0.0029296875"",""rho0"":""1.0"",""sigma"":""0.06"",""theta0"":""1.0"",""u0"":""0.0""}"
training_I_A2_sigma0.06_phase-0.1250,I,training,"{""A"":""2.0"",""eta_cells"":""-0.125"",""integer_anchor"":""0"",""mu"":""-0.0009765625"",""rho0"":""1.0"",""sigma"":""0.06"",""theta0"":""1.0"",""u0"":""0.0""}"
training_I_A2_sigma0.06_phase-0.2500,I,training,"{""A"":""2.0"",""eta_cells"":""-0.25"",""integer_anchor"":""0"",""mu"":""-0.001953125"",""rho0"":""1.0"",""sigma"":""0.06"",""theta0"":""1.0"",""u0"":""0.0""}"
training_I_A2_sigma0.06_phase-0.3750,I,training,"{""A"":""2.0"",""eta_cells"":""-0.375"",""integer_anchor"":""0"",""mu"":""-0.0029296875"",""rho0"":""1.0"",""sigma"":""0.06"",""theta0"":""1.0"",""u0"":""0.0""}"
training_I_A2_sigma0.06_phase-0.5000,I,training,"{""A"":""2.0"",""eta_cells"":""-0.5"",""integer_anchor"":""0"",""mu"":""-0.00390625"",""rho0"":""1.0"",""sigma"":""0.06"",""theta0"":""1.0"",""u0"":""0.0""}"
