path	bytes	sha256
.gitignore	110	1f4fcbbb37dd5dadfd62a6d496c5fd4b65df6449acdd13e004034882bbdcc81f
ASSEMBLY_REPORT.md	6303	d55f59398f653534905c65995c3e792aeca82a93da152b59f53985248d2e6b31
DATA.md	8584	b03f586a68abfd5ec6b002e42e133fd72f182509d423498d38b0c3c744cac60f
ENVIRONMENT.md	2102	58238304fd38a112e1dc7734c9c478ab3274639a27c79a29d059451b38e639d8
README.md	4802	475e17c49bffdbd179e95799b32f12994a9a8d48f14ecd623c27470ddb240892
REPRODUCIBILITY.md	7876	7c0d43d37433e4b5d5c9018d9ff4b61fe7be8ad6957e026c893d93aebc03d57b
THIRD_PARTY_NOTICES_PENDING.md	2044	ce2b8e40a794c940c9a8a03cf20c13af65fafdd6bbb895fd8b21c2ed08a68e3a
configs/custom_examples/kinetic.toml	82	c981d0b803fdcc32059dbb5582e16876e9d5d651ec780dc71e4a656bea1b3c71
configs/custom_examples/ks.toml	58	a5f29e6f5e95a032b7a0890963638b4e6ca04b1f237ba98e6425d79eb6ae5f92
configs/custom_examples/l63.toml	69	88b141cb38a678f75fc28e256307171a95e63d8e87e9d5e5eb426b307934a290
configs/paper/kinetic/global_time_indices_114.csv	785	ad645fed74395720b0bd5963f9881906d95459ad88ed804923960eb7754c60be
configs/paper/kinetic/global_time_indices_57.csv	385	1fc02b78fd66e8e57ebae21f3c98fd4fcdfd93150ce8a96b1abf07c1cd070d1b
configs/paper/kinetic/kinetic-first-order-local-baseline-type-i-residual-type-i-plus-type-ii.toml	83	36950ea4a9ad5eb0ea8939a83489c0db1a8333b46bedb22c6b49ff4102c75a9f
configs/paper/kinetic/kinetic-first-order-local-baseline-type-i-residual-type-i.toml	70	81685dd57b493f36564d50d7e9f369813c654119668e975e73312811facd4c2b
configs/paper/kinetic/kinetic-global-type-i-plus-type-ii.toml	47	01be2de3ba39836ac46e5d4649f93edaa471745f220e3d872bc3ff2578ce7a6b
configs/paper/kinetic/kinetic-global-type-i.toml	34	a6a231b7a75b9bdf96e5e9689116b8324817a20602a2efe574d1f280ad868bc6
configs/paper/kinetic/kinetic-zeroth-order-local-type-i-plus-type-ii.toml	59	34ffce7331d4ebd0c84b47a343a8c9c6755c3204fd3992f57dc434904d230a60
configs/paper/kinetic/kinetic-zeroth-order-local-type-i.toml	46	91d1aaca12d768b040e16e657c92b807eb7e7ccabb471e4d6277413322b1d3e7
configs/paper/kinetic/protected_membership_manifest.csv	14670	ec55ccdc0873087ea8faff74295f18385e8f3413cc82ec1a25b4d756b999ee9a
configs/paper/kinetic/training_manifest.csv	40644	3770837c61e8f37308b5db5960662cbccf89f31ff5b38e367af74f1b9b6eb417
configs/paper/kinetic/validation_manifest.csv	3606	a895426b30faa33f00377d5cc0d1ca6a2bec60c36e35ce2ad1e7154db8253ca4
configs/paper/ks/ks-diffusion-maps-m0-n16384.toml	40	1c1b81141a908cc2b4cbf2d374872b8d3fbd84cb8f4811dad2938411c078b95d
configs/paper/ks/ks-diffusion-maps-m0-n2048.toml	39	3fb53230b01dbd52d04cfcb442681dcc5f38193708836cdee69c898459c287db
configs/paper/ks/ks-diffusion-maps-m0-n4096.toml	39	79d694faf75faaf2472475bbdd53e50313eb966e9da440b120fc65008b48cd07
configs/paper/ks/ks-diffusion-maps-m0-n8192.toml	39	2f950611d4e732bfffc0564054fe2931a5d2e176eccfb9faee588de1cc5801df
configs/paper/ks/ks-diffusion-maps-m1-n16384.toml	40	dab04f1a69b8231f8d6f0cf13c80f4814929401681746d2607242b2d323831c0
configs/paper/ks/ks-diffusion-maps-m1-n2048.toml	39	42b59eb9379ecf48ef60fc3387da5802c679392ca3267ffe06582d0047a8aed0
configs/paper/ks/ks-diffusion-maps-m1-n4096.toml	39	e0e1dfe91be15cfa79cc6ab7e279fecc2518cd7789271ce8a4e25fd67cbd5e74
configs/paper/ks/ks-diffusion-maps-m1-n8192.toml	39	620098ae8588b71827ebf0dc61b653e720c5c1299e15292b9f8ad4c7bcbbbfc9
configs/paper/ks/ks-rbf-m0-n16384.toml	29	e97e11514f260db1ec36991d40798f7bc5f37c3980d493f6c80eaad584c5d7c7
configs/paper/ks/ks-rbf-m0-n2048.toml	28	b10f18636325fdabce4c87a6701779dee7c7e288d40479cb41b7e08218c89bca
configs/paper/ks/ks-rbf-m0-n4096.toml	28	0f2ad37ae3d13f4ac1e79c60b4e90d54afe5d5bdc9d683e5d03653c53759b044
configs/paper/ks/ks-rbf-m0-n8192.toml	28	a45c1900367d9a1f3a383ee0337d73c75dee363d7e488c203954507e55e7f9fb
configs/paper/ks/ks-rbf-m1-n16384.toml	29	a64d245aa1fe986a982c34a0b02365702f9ebf391e8eff0e0eb802f3497c6860
configs/paper/ks/ks-rbf-m1-n2048.toml	28	70a4f1afc03d71113dcd2d0cb57e3b5d57803fcee86fdb9e9fd0f491056a3f9f
configs/paper/ks/ks-rbf-m1-n4096.toml	28	04a81668222c3ddfffa9240b95bf8d751f16d180b90d271d711e71f93bee3b14
configs/paper/ks/ks-rbf-m1-n8192.toml	28	04dbcb29cc1f3d49fa45e16fb6529850862178260bda5d5f5fb3202dfa057d2e
configs/paper/l63/l63-diffusion-maps-heun-n4096.toml	42	a67deaf14bf2056a046be974f8b40ee908c2b3c64b20f2dcd51d6658cbfaf5d1
configs/paper/l63/l63-diffusion-maps-rk4-cubic-n1024.toml	47	6a99d26fcdd293f37a30d4a042f4ea5f8eef60d7ef946652f49b081191f263d8
configs/paper/l63/l63-diffusion-maps-rk4-cubic-n2048.toml	47	2c425c8b755f46ed3ed9f7677772f2c20e40fca99984f58dd6c82623b1f96ba5
configs/paper/l63/l63-diffusion-maps-rk4-cubic-n4096.toml	47	38ff76c356926f364a9320c1c107659fba8a3ddd04dd670dc92f2a432fa64dfe
configs/paper/l63/l63-diffusion-maps-rk4-cubic-n512.toml	46	1a15fc5e13c1f25d699b9698a7dc031f92afe068382937db09fbf0ab77074cb0
configs/paper/l63/l63-diffusion-maps-rk4-quadratic-n4096.toml	51	c3e04ca68228dc4a316334be1eb0e9af6702af27117cc629fabd65084c5181f2
configs/paper/l63/l63-diffusion-maps-rk4-quartic-n4096.toml	49	edb06708ca727f8c57283e8cf3ccf7f626cce29746a4f27b00ecf1a0fbc09f54
configs/paper/l63/l63-diffusion-maps-rk4-quintic-n4096.toml	49	6bc654a794ab4ea371edd3269f7a5346f8e45a55cd895a725b5fc6c53e878d1e
configs/paper/l63/l63-rbf-heun-n4096.toml	31	f31d7e49a68bc925993f018206c0db75e744ef75bb18def0be3a04b38617f2a7
configs/paper/l63/l63-rbf-rk4-cubic-n1024.toml	36	5ef8eacdfa3e9033b5dc14dc52ad9cec154596e99cb85c366b30ab12280f8ab8
configs/paper/l63/l63-rbf-rk4-cubic-n2048.toml	36	e4459a3ee9c292d891be84116817249ee8b490dd8b996fc7d6b9300c47babdaf
configs/paper/l63/l63-rbf-rk4-cubic-n4096.toml	36	637b58e82f8a2e740e8ec59a3e41d95ac620c81d418a0247ea06e79ecb688c39
configs/paper/l63/l63-rbf-rk4-cubic-n512.toml	35	a5e78d5c10f8dc288f78c5210baf46bef7cf38756c171b50f7fc438c41772297
configs/paper/l63/l63-rbf-rk4-quadratic-n4096.toml	40	f65ac8a5f6bf364932a6604cbe4e427062dc3e5643abe9fc9f5061094a68c285
configs/paper/l63/l63-rbf-rk4-quartic-n4096.toml	38	943b51f3d5440e91a403c38207b7a17a8ccc2d62d559762409d164ae2fd731c7
configs/paper/l63/l63-rbf-rk4-quintic-n4096.toml	38	5f99af5ce269b2a9db096cac4f258c444566fc1c21e978d2900ccbab69cc610c
data/external_assets.json	3889	67be05a290c3d85362949e3ff04f052093bd878c70f07c44a5c1c8653d304f97
docs/result_commands.csv	10338	cce837cb892d2c773c2f1d2b6784d41bdd91fc2a9bcdbed50c894866ec1b269b
docs/source_derivation.json	21109	0e136cf36815d0ec204f6fca676cd2db4ada66f7eaec83fa56e676368148cdae
docs/verified_environment.json	212	539c693b66004c688b3401f18a0817c49ce3c3d1535a215b6020829021588fbe
expected/ks.json	2521	54ef4598a75aba0b8373c3b92f94583f4476db3f28d8cd0754f7be65db752cfd
expected/l63.json	3095	5849b692e0b5670dcc5d01f699d8be4b4c5c0b24cb754302f99916964b506e41
interface/__init__.py	53	b68f61340cfd89c43cc4705b74db62772453faeda3532ad0f5b6ed690313f1e1
interface/config.py	9123	27f9e08def586449755c3c05b7ffd3bf34228965ff22b23e19d92f27b1c94bbd
interface/outputs.py	6576	91c2daefdfd49157391bc070b2235706270b14173b292a8aab0b7d3715cde4a0
paper_cases.json	82167	34e4df8ae5129c17974a8e8197a5ceb6d2ada33486c5eae6e8e1a610e0df948a
problems/__init__.py	53	b68f61340cfd89c43cc4705b74db62772453faeda3532ad0f5b6ed690313f1e1
problems/kinetic/__init__.py	53	b68f61340cfd89c43cc4705b74db62772453faeda3532ad0f5b6ed690313f1e1
problems/kinetic/data.py	3771	57cb3a7d082f43f615870f9b7d31a8b5566243b43f0c11dd0efa7bd903d8745f
problems/kinetic/evaluate.py	1909	c60f4d3c0fa611aaf193381cc78b738fa6423c51a41c117d9bf4da74968fb7b0
problems/kinetic/fit.py	1819	2daf9e4ef6c3bb4418ba2a54b3af78f90eba3128e091a19a6b9606344ef425ea
problems/kinetic/kinetic_closure/__init__.py	53	b68f61340cfd89c43cc4705b74db62772453faeda3532ad0f5b6ed690313f1e1
problems/kinetic/kinetic_closure/discrete_maxwellian.py	39668	3e6970b87b71f203054eda4e77fb52e58a57de9fa2eb0e373e0a4e4f3f116351
problems/kinetic/kinetic_closure/equilibrium.py	4307	f8e834e6ff4801dbdba637818e59cd9cc886580f0994fe9824ec8fa3e9f2534e
problems/kinetic/kinetic_closure/final_learning_krr_20260920_v1.py	7716	6de76097288970b0a1d8c27d845c90071cafbdf8ddef98b2d7e85992634ddf51
problems/kinetic/kinetic_closure/macroscopic_fv.py	7972	e9ff3b813ea3a24e4972d1d14f555e6f9ab96794106748ab97e09d4a9fdd5ab9
problems/kinetic/kinetic_closure/macroscopic_observables.py	1887	2d1bb50cf388c2906d5eecccd487a467b5ef5170e3ce83967c7e832c32194451
problems/kinetic/kinetic_closure/sbgk_advection.py	5472	66f8c584f5e589cd8388c9671b3052c0e78cdc1c9a6b26ccbfbfb192ca81a637
problems/kinetic/kinetic_closure/sbgk_butcher.py	1781	fdaa1519278f71337a192e411a64d7fbfc8e12aa53cf8ebd846c9dd5a8d0f3f4
problems/kinetic/kinetic_closure/sbgk_grid.py	1532	47b84cb8021c6cb2a49fb84a81623035956a815cb544859935ad6d51495566f8
problems/kinetic/kinetic_closure/sbgk_imex.py	10985	bb0541d0b3dc44a68a8dc9e7701eb19813419d44206c146f71dddef915dfb4e9
problems/kinetic/kinetic_closure/sbgk_initial_conditions.py	5693	f249157061ffa64a834b831d12dcfb49d53faf3a628bf2addd9deec255d7aa3a
problems/kinetic/kinetic_closure/sbgk_maxwellian.py	1047	722a60cd033d8875b57b11907816b6ba7232413d69863e235742c0887311a712
problems/kinetic/kinetic_closure/sbgk_moments.py	1229	3e74ea30c7065ff4065e1b4fc34f85fd772cf7611481838b66b62ea43c84ba90
problems/kinetic/macro_closure.py	1405	d81a51cbd1e8fe83c42e9c0b3d3fc9b9f78f92961348a02518605d73c2998032
problems/kinetic/pipeline.py	6887	cead6652c4cae6dd7edc5dd2d4a2e41f9f105baccc0aed432d1db4c1c752820b
problems/kinetic/plotting.py	1719	df210b54510cedb1c63ad9b4db897a226bff032ba79894c2f44182f283347475
problems/kinetic/preprocessing.py	5753	c167fbfad72f1d97934dffa77ef5dc4a93c5a1f3e962180bfed1d199ad5fb4bd
problems/kinetic/protocol.py	8028	baf2f37e3efef07f22948aa6793d3a6dcbe19f24941be5cf1aeb49cb00e40483
problems/kinetic/rollout.py	2346	a0e365d3f00ed6efdf9c3c84f72e2bfa104cb44e259ad3bc567447bf906daa6d
problems/kinetic/selection.py	4462	1071909904e07f8f6b77a3127e6a39e3a0d7d3a8b0f92f668ee7232c20271ca7
problems/kinetic/stage_fluxes.py	3021	db61c2ef40c4aca938b84a50266c225db720f02d66aaed7aaf33886e9afe0fcd
problems/ks/__init__.py	53	b68f61340cfd89c43cc4705b74db62772453faeda3532ad0f5b6ed690313f1e1
problems/ks/data.py	2830	2f91926215c224d29e7a2c598c876d94929bc7c14ad80fd867db4733dbf7d585
problems/ks/experiment.py	36538	42c9f1e255aef280bac7a38121d47f87f2e81f29f171b141c378051d1d2f60d6
problems/ks/pipeline.py	5792	ec12ef4e6ad673d4f9b32c01fb8295a47ee0db256854e50b26f84538a8899d3b
problems/ks/plotting.py	3322	6945f32a7caa696c07a6d37a77856db6314319e9ad65c220d637fb1f14bb42f8
problems/ks/src/__init__.py	53	b68f61340cfd89c43cc4705b74db62772453faeda3532ad0f5b6ed690313f1e1
problems/ks/src/dm_main.py	18232	2fa879f6c522ee330d1e83f774d2e628e572ae3528de321b4ae08facde78e139
problems/ks/src/krr_model.py	20223	3882b5f9c251eec81de5572f603be6cb5681e04a069dd1d023e06a76a55be9eb
problems/ks/src/ks_forced_etdrk4_stepper.py	25648	09f8ce0b2486990410eb10acc2dda35ef9d663141f1ca456429c445d1a9a966c
problems/l63/__init__.py	53	b68f61340cfd89c43cc4705b74db62772453faeda3532ad0f5b6ed690313f1e1
problems/l63/experiment.py	2700	9b0eb18380f09ad0b63efcf9bf95d6805335cfdb8a3f0de3ce97f11a7deb2699
problems/l63/pipeline.py	4454	d0f3eee0c78cba8c26e74337efad4bbf52755870471ba5487a98a513b8d8da5f
problems/l63/protocol.py	1238	d314e878db1214486f57b0e2cb718d5387a27c75d1cb778242c42f2a5492c5a0
problems/l63/reference.py	1246	fef3f2a8d6000dea90813833f30994434a79fbbcec4973653287287e85a72ff0
problems/l63/reporting.py	1666	c304b076306503e18447f693e4043c796d781611fcc3defa09d1f512adee8c22
problems/l63/src/__init__.py	53	b68f61340cfd89c43cc4705b74db62772453faeda3532ad0f5b6ed690313f1e1
problems/l63/src/dm_main.py	10250	a1bd16abd5166cfbde8a2b9441ba40288e55834c8d50717996898945fa64a6be
problems/l63/src/krr_model.py	51779	7b1746a9b587f5b4b3a117a92e97527dc43c37f5ba615df33e87ec88c03624f6
pytest.ini	93	108311342ef37362e14c821911baa64bf476eb0b9bc5e3c1a5096ea430311915
requirements-dev.txt	7	8004a972c3d5c274d8c808e8d8afe03b9aca8af8eebf3df4298f114d8008b754
requirements.txt	23	e13491531df6eeb59d6420ef04d4b5651adec77439da3bccd7409e90f0988035
run_case.py	2332	4577567cbea7e51b28e5cbc116cfa5982c0a430ac3641caf1497475b017685b5
scripts/kinetic_data.py	2781	6177687c933ce052416b690f458cc56081f068553ca5f89373298691db185c0e
tests/__init__.py	53	b68f61340cfd89c43cc4705b74db62772453faeda3532ad0f5b6ed690313f1e1
tests/test_release.py	16045	6dfe17407cc0d4ea641d1e165aaf1d808c0cc2f7952253e1f4b975410fcab8db
