case_id,paper_results,resolve_command,execute_command,requirements
l63-rbf-rk4-cubic-n512,Table 2,python run_case.py l63 --paper-case l63-rbf-rk4-cubic-n512 --resolve-only,python run_case.py l63 --paper-case l63-rbf-rk4-cubic-n512 --workflow reproduce --data-root /path/to/external,requires_external_inputs_and_cuda
l63-diffusion-maps-rk4-cubic-n512,Table 2,python run_case.py l63 --paper-case l63-diffusion-maps-rk4-cubic-n512 --resolve-only,python run_case.py l63 --paper-case l63-diffusion-maps-rk4-cubic-n512 --workflow reproduce --data-root /path/to/external,requires_external_inputs_and_cuda
l63-rbf-rk4-cubic-n1024,Table 2,python run_case.py l63 --paper-case l63-rbf-rk4-cubic-n1024 --resolve-only,python run_case.py l63 --paper-case l63-rbf-rk4-cubic-n1024 --workflow reproduce --data-root /path/to/external,requires_external_inputs_and_cuda
l63-diffusion-maps-rk4-cubic-n1024,Table 2,python run_case.py l63 --paper-case l63-diffusion-maps-rk4-cubic-n1024 --resolve-only,python run_case.py l63 --paper-case l63-diffusion-maps-rk4-cubic-n1024 --workflow reproduce --data-root /path/to/external,requires_external_inputs_and_cuda
l63-rbf-rk4-cubic-n2048,Table 2,python run_case.py l63 --paper-case l63-rbf-rk4-cubic-n2048 --resolve-only,python run_case.py l63 --paper-case l63-rbf-rk4-cubic-n2048 --workflow reproduce --data-root /path/to/external,requires_external_inputs_and_cuda
l63-diffusion-maps-rk4-cubic-n2048,Table 2,python run_case.py l63 --paper-case l63-diffusion-maps-rk4-cubic-n2048 --resolve-only,python run_case.py l63 --paper-case l63-diffusion-maps-rk4-cubic-n2048 --workflow reproduce --data-root /path/to/external,requires_external_inputs_and_cuda
l63-rbf-heun-n4096,Table 1,python run_case.py l63 --paper-case l63-rbf-heun-n4096 --resolve-only,python run_case.py l63 --paper-case l63-rbf-heun-n4096 --workflow reproduce --data-root /path/to/external,requires_external_inputs_and_cuda
l63-rbf-rk4-quadratic-n4096,Table 1,python run_case.py l63 --paper-case l63-rbf-rk4-quadratic-n4096 --resolve-only,python run_case.py l63 --paper-case l63-rbf-rk4-quadratic-n4096 --workflow reproduce --data-root /path/to/external,requires_external_inputs_and_cuda
l63-rbf-rk4-cubic-n4096,Table 2; Table 1,python run_case.py l63 --paper-case l63-rbf-rk4-cubic-n4096 --resolve-only,python run_case.py l63 --paper-case l63-rbf-rk4-cubic-n4096 --workflow reproduce --data-root /path/to/external,requires_external_inputs_and_cuda
l63-rbf-rk4-quartic-n4096,Table 1,python run_case.py l63 --paper-case l63-rbf-rk4-quartic-n4096 --resolve-only,python run_case.py l63 --paper-case l63-rbf-rk4-quartic-n4096 --workflow reproduce --data-root /path/to/external,requires_external_inputs_and_cuda
l63-rbf-rk4-quintic-n4096,Table 1,python run_case.py l63 --paper-case l63-rbf-rk4-quintic-n4096 --resolve-only,python run_case.py l63 --paper-case l63-rbf-rk4-quintic-n4096 --workflow reproduce --data-root /path/to/external,requires_external_inputs_and_cuda
l63-diffusion-maps-heun-n4096,Table 1,python run_case.py l63 --paper-case l63-diffusion-maps-heun-n4096 --resolve-only,python run_case.py l63 --paper-case l63-diffusion-maps-heun-n4096 --workflow reproduce --data-root /path/to/external,requires_external_inputs_and_cuda
l63-diffusion-maps-rk4-quadratic-n4096,Table 1,python run_case.py l63 --paper-case l63-diffusion-maps-rk4-quadratic-n4096 --resolve-only,python run_case.py l63 --paper-case l63-diffusion-maps-rk4-quadratic-n4096 --workflow reproduce --data-root /path/to/external,requires_external_inputs_and_cuda
l63-diffusion-maps-rk4-cubic-n4096,Table 2; Table 1,python run_case.py l63 --paper-case l63-diffusion-maps-rk4-cubic-n4096 --resolve-only,python run_case.py l63 --paper-case l63-diffusion-maps-rk4-cubic-n4096 --workflow reproduce --data-root /path/to/external,requires_external_inputs_and_cuda
l63-diffusion-maps-rk4-quartic-n4096,Table 1,python run_case.py l63 --paper-case l63-diffusion-maps-rk4-quartic-n4096 --resolve-only,python run_case.py l63 --paper-case l63-diffusion-maps-rk4-quartic-n4096 --workflow reproduce --data-root /path/to/external,requires_external_inputs_and_cuda
l63-diffusion-maps-rk4-quintic-n4096,Table 1,python run_case.py l63 --paper-case l63-diffusion-maps-rk4-quintic-n4096 --resolve-only,python run_case.py l63 --paper-case l63-diffusion-maps-rk4-quintic-n4096 --workflow reproduce --data-root /path/to/external,requires_external_inputs_and_cuda
ks-rbf-m0-n2048,Table 5; Figure 3,python run_case.py ks --paper-case ks-rbf-m0-n2048 --resolve-only,python run_case.py ks --paper-case ks-rbf-m0-n2048 --workflow reproduce --data-root /path/to/external,requires_external_inputs_and_cuda
ks-rbf-m1-n2048,Table 5,python run_case.py ks --paper-case ks-rbf-m1-n2048 --resolve-only,python run_case.py ks --paper-case ks-rbf-m1-n2048 --workflow reproduce --data-root /path/to/external,requires_external_inputs_and_cuda
ks-diffusion-maps-m0-n2048,Table 5; Figure 3,python run_case.py ks --paper-case ks-diffusion-maps-m0-n2048 --resolve-only,python run_case.py ks --paper-case ks-diffusion-maps-m0-n2048 --workflow reproduce --data-root /path/to/external,requires_external_inputs_and_cuda
ks-diffusion-maps-m1-n2048,Table 5,python run_case.py ks --paper-case ks-diffusion-maps-m1-n2048 --resolve-only,python run_case.py ks --paper-case ks-diffusion-maps-m1-n2048 --workflow reproduce --data-root /path/to/external,requires_external_inputs_and_cuda
ks-rbf-m0-n4096,Table 5; Figure 3,python run_case.py ks --paper-case ks-rbf-m0-n4096 --resolve-only,python run_case.py ks --paper-case ks-rbf-m0-n4096 --workflow reproduce --data-root /path/to/external,requires_external_inputs_and_cuda
ks-rbf-m1-n4096,Table 5,python run_case.py ks --paper-case ks-rbf-m1-n4096 --resolve-only,python run_case.py ks --paper-case ks-rbf-m1-n4096 --workflow reproduce --data-root /path/to/external,requires_external_inputs_and_cuda
ks-diffusion-maps-m0-n4096,Table 5; Figure 3,python run_case.py ks --paper-case ks-diffusion-maps-m0-n4096 --resolve-only,python run_case.py ks --paper-case ks-diffusion-maps-m0-n4096 --workflow reproduce --data-root /path/to/external,requires_external_inputs_and_cuda
ks-diffusion-maps-m1-n4096,Table 5,python run_case.py ks --paper-case ks-diffusion-maps-m1-n4096 --resolve-only,python run_case.py ks --paper-case ks-diffusion-maps-m1-n4096 --workflow reproduce --data-root /path/to/external,requires_external_inputs_and_cuda
ks-rbf-m0-n8192,Table 5; Figure 3,python run_case.py ks --paper-case ks-rbf-m0-n8192 --resolve-only,python run_case.py ks --paper-case ks-rbf-m0-n8192 --workflow reproduce --data-root /path/to/external,requires_external_inputs_and_cuda
ks-rbf-m1-n8192,Table 5,python run_case.py ks --paper-case ks-rbf-m1-n8192 --resolve-only,python run_case.py ks --paper-case ks-rbf-m1-n8192 --workflow reproduce --data-root /path/to/external,requires_external_inputs_and_cuda
ks-diffusion-maps-m0-n8192,Table 5; Figure 3,python run_case.py ks --paper-case ks-diffusion-maps-m0-n8192 --resolve-only,python run_case.py ks --paper-case ks-diffusion-maps-m0-n8192 --workflow reproduce --data-root /path/to/external,requires_external_inputs_and_cuda
ks-diffusion-maps-m1-n8192,Table 5,python run_case.py ks --paper-case ks-diffusion-maps-m1-n8192 --resolve-only,python run_case.py ks --paper-case ks-diffusion-maps-m1-n8192 --workflow reproduce --data-root /path/to/external,requires_external_inputs_and_cuda
ks-rbf-m0-n16384,Table 5; Figure 3,python run_case.py ks --paper-case ks-rbf-m0-n16384 --resolve-only,python run_case.py ks --paper-case ks-rbf-m0-n16384 --workflow reproduce --data-root /path/to/external,requires_external_inputs_and_cuda
ks-rbf-m1-n16384,Table 5,python run_case.py ks --paper-case ks-rbf-m1-n16384 --resolve-only,python run_case.py ks --paper-case ks-rbf-m1-n16384 --workflow reproduce --data-root /path/to/external,requires_external_inputs_and_cuda
ks-diffusion-maps-m0-n16384,Table 5; Figure 3; Figure 1; Figure 2,python run_case.py ks --paper-case ks-diffusion-maps-m0-n16384 --resolve-only,python run_case.py ks --paper-case ks-diffusion-maps-m0-n16384 --workflow reproduce --data-root /path/to/external,requires_external_inputs_and_cuda
ks-diffusion-maps-m1-n16384,Table 5,python run_case.py ks --paper-case ks-diffusion-maps-m1-n16384 --resolve-only,python run_case.py ks --paper-case ks-diffusion-maps-m1-n16384 --workflow reproduce --data-root /path/to/external,requires_external_inputs_and_cuda
kinetic-global-type-i,Table 4,python run_case.py kinetic --paper-case kinetic-global-type-i --resolve-only,python run_case.py kinetic --paper-case kinetic-global-type-i --workflow reproduce --data-root /path/to/external,requires_external_inputs
kinetic-global-type-i-plus-type-ii,Table 4; Figures 4-8,python run_case.py kinetic --paper-case kinetic-global-type-i-plus-type-ii --resolve-only,python run_case.py kinetic --paper-case kinetic-global-type-i-plus-type-ii --workflow reproduce --data-root /path/to/external,requires_external_inputs
kinetic-zeroth-order-local-type-i,Table 4,python run_case.py kinetic --paper-case kinetic-zeroth-order-local-type-i --resolve-only,python run_case.py kinetic --paper-case kinetic-zeroth-order-local-type-i --workflow reproduce --data-root /path/to/external,requires_external_inputs
kinetic-zeroth-order-local-type-i-plus-type-ii,Table 4; Figures 4-8,python run_case.py kinetic --paper-case kinetic-zeroth-order-local-type-i-plus-type-ii --resolve-only,python run_case.py kinetic --paper-case kinetic-zeroth-order-local-type-i-plus-type-ii --workflow reproduce --data-root /path/to/external,requires_external_inputs
kinetic-first-order-local-baseline-type-i-residual-type-i,Table 4,python run_case.py kinetic --paper-case kinetic-first-order-local-baseline-type-i-residual-type-i --resolve-only,python run_case.py kinetic --paper-case kinetic-first-order-local-baseline-type-i-residual-type-i --workflow reproduce --data-root /path/to/external,requires_external_inputs
kinetic-first-order-local-baseline-type-i-residual-type-i-plus-type-ii,Table 4; Figures 4-8,python run_case.py kinetic --paper-case kinetic-first-order-local-baseline-type-i-residual-type-i-plus-type-ii --resolve-only,python run_case.py kinetic --paper-case kinetic-first-order-local-baseline-type-i-residual-type-i-plus-type-ii --workflow reproduce --data-root /path/to/external,requires_external_inputs
